,e_ISIN,firmenname,e_geldkurs,e_briefkurs,e_andvortag,e_tageshoch,e_tagestief,e_umsatz,the_time
335,US62914V1061,Nio Inc. ADRs ,8.38,8.42,0.0882,8.445,7.875,315822.0,2023-06-27 19:00:29.934495
294,US19260Q1076,Coinbase Global Inc. Cl.A ,61.16,61.3,0.07719999999999999,61.15,56.78,37164.0,2023-06-27 19:00:10.898810
366,PA1436583006,Carnival Corp. Paired Ctf ,14.38,14.42,0.07400000000000001,14.43,13.32,181713.0,2023-06-27 19:00:44.834936
145,DE000PAT1AG3,PATRIZIA SE ,9.99,10.12,0.0688,10.1,9.53,13267.0,2023-06-27 18:59:02.051653
46,LU1673108939,Aroundtown Property Hldgs S.A. ,1.1315,1.1485,0.06,1.149,1.0885,664270.0,2023-06-27 18:58:14.046209
253,US6795801009,Old Dominion Freight Line Inc. ,323.2,324.0,0.0593,325.0,308.0,124.0,2023-06-27 18:59:52.364271
54,DE000A2E4K43,Delivery Hero SE ,38.475,38.77,0.0592,38.925,36.46,33569.0,2023-06-27 18:58:18.000074
111,DE000A2LQ884,AUTO1 Group SE ,8.024,8.122,0.0571,8.11,7.7,17675.0,2023-06-27 18:58:45.465899
134,DE0005493365,Hypoport SE ,160.0,161.1,0.0564,161.1,151.7,4028.0,2023-06-27 18:58:56.669373
231,US5494981039,Lucid Group Inc.Cl.A ,5.32,5.366,0.0536,5.516,5.093,94381.0,2023-06-27 18:59:42.206761
347,LU2360697374,FREYR Battery ,6.985,7.04,0.051,7.09,6.605,149124.0,2023-06-27 19:00:35.637640
191,US16119P1084,Charter Communications Inc. Class A ,323.75,324.6,0.0489,324.0,307.6,84.0,2023-06-27 18:59:23.997667
94,DE0005545503,1&amp;1 AG ,10.06,10.3,0.048799999999999996,10.32,9.89,9134.0,2023-06-27 18:58:37.216737
121,DE000A1X3XX4,DIC Asset AG ,4.855,5.02,0.048,5.02,4.775,31117.0,2023-06-27 18:58:50.374123
116,DE0005403901,CEWE Stiftung &amp; Co. KGaA ,88.8,89.9,0.0466,89.9,86.0,1251.0,2023-06-27 18:58:47.897060
136,DE000A2NBX80,Instone Real Estate Group SE ,5.03,5.31,0.0453,5.31,5.06,4475.0,2023-06-27 18:58:57.667329
21,DE000A161408,HelloFresh SE ,22.16,22.21,0.0452,22.44,21.21,57510.0,2023-06-27 18:58:01.807007
363,US9344231041,Warner Bros Discovery Inc. A  ,11.235,11.295,0.0449,11.29,10.695,7232.0,2023-06-27 19:00:43.399976
297,DE000HLAG475,Hapag-Lloyd AG ,192.1,193.1,0.042699999999999995,193.4,185.0,2875.0,2023-06-27 19:00:12.186549
289,US6700024010,Novavax Inc. ,6.334,6.36,0.0421,6.388,6.04,6016.0,2023-06-27 19:00:08.700877
105,DE000A3CNK42,ABOUT YOU Holding SE ,4.698,4.788,0.0418,4.788,4.586,2773.0,2023-06-27 18:58:42.491182
374,KYG8167W1380,Sino Biopharmaceutical Ltd. ,0.3996,0.4196,0.0416,0.4182,0.41,2750.0,2023-06-27 19:00:48.771300
301,US8334451098,Snowflake Inc.Cl.A ,160.8,161.2,0.037200000000000004,163.0,156.0,8988.0,2023-06-27 19:00:14.110580
234,US5738741041,Marvell Technology Inc. ,54.88,54.96,0.0366,54.91,52.82,1112.0,2023-06-27 18:59:43.537190
69,DE000KGX8881,KION GROUP AG ,32.01,32.12,0.0364,32.14,31.0,3852.0,2023-06-27 18:58:25.458138
75,DE0007010803,RATIONAL AG ,638.0,649.5,0.034300000000000004,649.0,631.5,324.0,2023-06-27 18:58:28.175309
373,US69608A1088,Palantir Technologies Inc. ,13.175,13.205,0.034,13.28,12.75,130480.0,2023-06-27 19:00:48.264819
187,US09857L1089,Booking Holdings Inc. ,2473.0,2481.0,0.0338,2480.0,2388.0,111.0,2023-06-27 18:59:22.036594
255,US6974351057,Palo Alto Networks Inc. ,229.7,230.2,0.0329,230.9,222.45,2282.0,2023-06-27 18:59:53.304377
259,US7223041028,PDD Holdings Inc. ,65.3,65.7,0.0298,66.2,64.7,1426.0,2023-06-27 18:59:55.273075
266,US82968B1035,Sirius XM Holdings Inc. ,3.863,3.883,0.0286,3.702,3.563,1020.0,2023-06-27 18:59:58.445120
320,US58463J3041,Medical Properties Trust Inc. ,8.44,8.49,0.027999999999999997,8.45,8.1,5190.0,2023-06-27 19:00:23.054151
272,US8825081040,Texas Instruments Inc. ,158.88,159.06,0.0278,159.04,154.3,674.0,2023-06-27 19:00:01.143698
41,DE0008232125,Deutsche Lufthansa AG ,9.401,9.429,0.0277,9.449,9.165,306476.0,2023-06-27 18:58:11.634621
74,DE000PSM7770,ProSiebenSat.1 Media SE ,8.734,8.848,0.0276,8.858,8.57,35717.0,2023-06-27 18:58:27.697443
79,DE000ENER6Y0,Siemens Energy AG ,14.74,14.77,0.027200000000000002,15.06,14.125,1512292.0,2023-06-27 18:58:30.032981
212,US34959E1091,Fortinet Inc. ,66.72,67.0,0.0264,66.88,64.74,393.0,2023-06-27 18:59:33.532175
332,AU000000WHC8,Whitehaven Coal Ltd. ,4.0605,4.1265,0.026099999999999998,4.1315,4.084,2900.0,2023-06-27 19:00:28.518583
239,US30303M1027,Meta Platforms Inc. ,261.95,262.05,0.0258,262.25,255.15,12961.0,2023-06-27 18:59:45.946551
304,US83304A1060,Snap Inc. ,10.5,10.52,0.0253,10.56,10.2,43039.0,2023-06-27 19:00:15.386759
344,CNE100000338,Great Wall Motor Co. Ltd. ,1.0032,1.0448,0.025099999999999997,1.0566,1.0026,3501.0,2023-06-27 19:00:34.210347
228,US4824801009,KLA Corp. ,429.6,430.8,0.024700000000000003,430.8,418.8,270.0,2023-06-27 18:59:40.891675
70,DE000KBX1006,Knorr-Bremse AG ,67.18,67.86,0.0239,67.62,65.94,755.0,2023-06-27 18:58:25.834653
184,US0567521085,Baidu.com Inc. ADR ,130.6,131.0,0.023399999999999997,131.2,128.8,2235.0,2023-06-27 18:59:20.657009
178,US0382221051,Applied Materials Inc. ,131.24,131.58,0.0232,131.48,127.02,4035.0,2023-06-27 18:59:17.935895
337,AU000000RIO1,Rio Tinto Ltd. ,69.9,70.6,0.023,70.69,69.94,270.0,2023-06-27 19:00:30.875694
168,US0090661010,Airbnb Inc. ,115.34,115.54,0.0229,115.5,112.52,1928.0,2023-06-27 18:59:13.088975
114,DE0005909006,Bilfinger SE ,31.56,31.64,0.0226,31.68,30.96,4989.0,2023-06-27 18:58:46.988738
39,DE000A1ML7J1,Vonovia SE ,17.445,17.495,0.0225,17.57,17.135,198594.0,2023-06-27 18:58:10.678313
240,US5950171042,Microchip Technology Inc. ,78.08,78.22,0.022400000000000003,77.68,75.96,198.0,2023-06-27 18:59:46.344129
40,DE000ZAL1111,Zalando SE ,27.74,27.89,0.022099999999999998,28.03,27.24,60741.0,2023-06-27 18:58:11.153349
305,DE000A0D6554,Nordex AG ,10.955,11.095,0.022099999999999998,11.38,10.805,62209.0,2023-06-27 19:00:15.815926
11,DE000DTR0CK8,Daimler Truck Holding AG ,31.72,31.79,0.0215,31.81,31.11,256695.0,2023-06-27 18:57:57.053505
90,DE0005089031,United Internet AG ,12.86,12.88,0.021400000000000002,12.97,12.61,44542.0,2023-06-27 18:58:35.360448
120,DE0006305006,DEUTZ AG ,5.225,5.265,0.0213,5.28,5.195,59341.0,2023-06-27 18:58:49.962270
299,KYG875721634,Tencent Holdings Ltd. ,39.5,39.78,0.0213,40.19,39.3,15727.0,2023-06-27 19:00:13.131958
230,US5128071082,LAM Research Corp. ,581.3,582.5,0.0213,580.9,565.6,250.0,2023-06-27 18:59:41.805510
12,DE0005140008,Deutsche Bank AG ,9.348,9.35,0.021,9.35,9.145,580846.0,2023-06-27 18:57:57.586423
119,DE0008019001,Deutsche Pfandbriefbank AG ,6.52,6.555,0.021,6.555,6.415,123237.0,2023-06-27 18:58:49.385997
331,NL0010273215,ASML Holding N.V. ,654.1,654.8,0.018799999999999997,655.5,641.6,3868.0,2023-06-27 19:00:28.054336
167,US0079031078,Advanced Micro Devices Inc. ,100.22,100.4,0.018500000000000003,100.62,97.6,23564.0,2023-06-27 18:59:12.633862
67,DE0006219934,Jungheinrich AG VZ ,31.44,31.8,0.0181,31.74,30.8,6209.0,2023-06-27 18:58:24.516270
159,DE0007446007,TAKKT AG ,13.46,13.62,0.018000000000000002,13.62,13.42,2603.0,2023-06-27 18:59:08.613421
287,US98980G1022,Zscaler Inc. ,131.46,131.76,0.0179,132.26,128.38,1100.0,2023-06-27 19:00:07.800595
85,DE000TLX1005,Talanx AG ,51.65,51.8,0.0177,51.7,50.65,5976.0,2023-06-27 18:58:33.012563
28,DE0008430026,Münchener Rückvers.-Ges. AG ,336.6,336.9,0.0175,337.0,331.4,13242.0,2023-06-27 18:58:05.166192
233,US5719032022,Marriott International Inc. ,160.36,160.74,0.0174,160.0,156.96,116.0,2023-06-27 18:59:43.050521
35,DE0007236101,Siemens AG ,157.82,157.98,0.0173,158.0,155.58,32977.0,2023-06-27 18:58:08.698064
330,US88688T1007,Tilray Brands Inc. ,1.457,1.47,0.0173,1.47,1.406,56140.0,2023-06-27 19:00:27.625737
147,DE000A0JBPG2,PNE AG ,14.02,14.16,0.0172,14.22,13.9,11508.0,2023-06-27 18:59:03.057447
224,US47215P1066,JD.com Inc. Cl.A (sp.ADRs) ,32.35,32.65,0.0171,32.75,32.25,5911.0,2023-06-27 18:59:39.049910
188,US11135F1012,Broadcom Corp. ,766.9,768.4,0.0169,766.1,748.6,583.0,2023-06-27 18:59:22.518223
88,DE0007500001,thyssenkrupp AG ,7.22,7.248,0.0168,7.282,7.128,298693.0,2023-06-27 18:58:34.376793
87,DE000A1J5RX9,Telefónica Deutschland Hldg AG ,2.6,2.618,0.0167,2.62,2.573,154194.0,2023-06-27 18:58:33.949757
235,US57667L1070,Match Group Inc. ,38.645,38.69,0.0165,38.805,38.01,1265.0,2023-06-27 18:59:44.004948
52,DE000CBK1001,Commerzbank AG ,9.742,9.79,0.0165,9.812,9.574,447700.0,2023-06-27 18:58:17.016104
324,US01609W1027,Alibaba Group Holding Ltd. sp.ADRs ,79.55,79.65,0.016,80.5,79.0,21801.0,2023-06-27 19:00:24.972760
53,DE0005470306,CTS Eventim AG &amp; Co. KGaA ,57.0,57.25,0.016,57.5,56.15,4213.0,2023-06-27 18:58:17.483132
60,DE0005773303,Fraport AG Ffm.Airport.Ser.AG ,48.47,48.96,0.015700000000000002,48.5,47.46,3501.0,2023-06-27 18:58:20.922492
166,US00724F1012,Adobe Inc. ,445.6,446.2,0.0155,446.4,438.0,3236.0,2023-06-27 18:59:12.163312
268,US8486371045,Splunk Inc. ,93.59,93.78,0.015,92.68,91.14,205.0,2023-06-27 18:59:59.428388
61,DE000A0Z2ZZ5,freenet AG ,22.82,22.98,0.015,22.98,22.62,15421.0,2023-06-27 18:58:21.475816
2,NL0000235190,Airbus SE ,129.0,129.48,0.0147,129.48,127.2,7848.0,2023-06-27 18:57:52.874988
78,DE000A12DM80,Scout24 SE ,58.5,58.98,0.0144,58.98,58.3,406.0,2023-06-27 18:58:29.528438
156,DE000STRA555,STRATEC SE ,63.2,64.1,0.014199999999999999,64.1,62.9,491.0,2023-06-27 18:59:07.255321
317,FI0009000681,Nokia Corp. ,3.751,3.789,0.014199999999999999,3.784,3.716,208360.0,2023-06-27 19:00:21.658079
216,US4370761029,Home Depot Inc. ,286.2,286.4,0.014199999999999999,287.0,280.6,2037.0,2023-06-27 18:59:35.362757
182,US0527691069,Autodesk Inc. ,186.82,187.56,0.0141,186.68,183.7,411.0,2023-06-27 18:59:19.707006
249,US67066G1040,Nvidia Corp. ,377.8,378.1,0.0141,378.75,369.4,42241.0,2023-06-27 18:59:50.435272
248,US6541061031,NIKE Inc. ,103.84,103.94,0.0139,103.86,101.8,7335.0,2023-06-27 18:59:50.018790
42,US88160R1014,Tesla Inc. ,224.1,224.35,0.0138,225.35,216.6,206587.0,2023-06-27 18:58:12.100450
307,DE0007235301,SGL CARBON SE ,8.165,8.18,0.0137,8.165,7.975,21575.0,2023-06-27 19:00:16.762378
155,DE0007274136,Sto SE &amp; Co. KGaA ,149.6,152.8,0.0132,154.0,150.2,1662.0,2023-06-27 18:59:06.807060
77,LU0061462528,RTL Group S.A. ,37.28,37.66,0.0129,37.64,36.96,8974.0,2023-06-27 18:58:29.088132
336,US83417M1045,SolarEdge Technologies Inc. ,229.15,230.05,0.0128,230.5,224.15,2923.0,2023-06-27 19:00:30.426142
14,DE0005552004,Deutsche Post AG ,43.385,43.585,0.0126,43.57,43.005,50311.0,2023-06-27 18:57:58.518948
19,DE0008402215,Hannover Rück SE ,191.3,192.25,0.0124,192.25,189.55,3141.0,2023-06-27 18:58:00.870543
290,US72919P2020,Plug Power Inc. ,8.376,8.406,0.012199999999999999,8.498,8.166,166641.0,2023-06-27 19:00:09.103564
267,US83088M1027,Skyworks Solutions Inc. ,97.17,97.27,0.012199999999999999,97.09,95.48,346.0,2023-06-27 18:59:58.898747
96,DE000HAG0005,HENSOLDT AG ,28.72,29.08,0.012,28.88,28.1,19261.0,2023-06-27 18:58:38.233563
15,DE0005557508,Deutsche Telekom AG ,19.884,19.948,0.012,19.96,19.712,396609.0,2023-06-27 18:57:59.069065
161,DE000VTSC017,Vitesco Technologies Group AG ,73.5,73.95,0.0116,73.95,72.2,3376.0,2023-06-27 18:59:09.601038
270,US8716071076,Synopsys Inc. ,386.0,386.6,0.011000000000000001,387.0,381.2,181.0,2023-06-27 19:00:00.344099
108,US00486H1059,ADTRAN Holdings Inc. ,9.254,9.454,0.011000000000000001,9.354,9.054,4495.0,2023-06-27 18:58:43.984922
220,US4581401001,Intel Corp. ,30.78,30.815,0.0106,30.9,30.11,31633.0,2023-06-27 18:59:37.167275
354,US37045V1008,General Motors Co. ,33.995,34.07,0.0105,34.155,33.565,1149.0,2023-06-27 19:00:38.996484
86,DE000A2YN900,TeamViewer SE ,14.08,14.195,0.0103,14.18,13.99,31191.0,2023-06-27 18:58:33.447230
92,DE000A0TGJ55,VARTA AG ,17.77,17.985,0.0102,17.995,17.215,34519.0,2023-06-27 18:58:36.248125
211,US3377381088,Fiserv Inc. ,111.35,111.65,0.01,111.3,108.95,466.0,2023-06-27 18:59:33.051003
135,DE0006200108,INDUS Holding AG ,25.15,25.3,0.01,25.2,24.85,2082.0,2023-06-27 18:58:57.132568
189,US1273871087,Cadence Design Systems Inc. ,207.8,208.0,0.0098,206.6,204.2,347.0,2023-06-27 18:59:23.054031
9,DE0005439004,Continental AG ,67.6,68.18,0.0098,67.96,66.58,7805.0,2023-06-27 18:57:56.133628
261,US7475251036,Qualcomm Inc.   ,108.2,108.26,0.0097,108.0,105.58,2101.0,2023-06-27 18:59:56.173797
384,US7960502018,Samsung Electronics Co. Ltd. (NV)Pfd(GDR144A) ,1052.0,1060.0,0.0095,1062.0,1046.0,267.0,2023-06-27 19:00:53.860776
286,US98980L1017,Zoom Video Communications Inc. ,61.35,61.66,0.0095,61.67,60.62,1109.0,2023-06-27 19:00:07.351219
113,DE0005194062,BayWa AG vink. Namens-Aktien ,37.35,37.7,0.009399999999999999,37.7,37.25,1201.0,2023-06-27 18:58:46.461445
284,US98138H1014,Workday Inc. Shares A  ,203.95,204.45,0.009399999999999999,203.6,202.75,71.0,2023-06-27 19:00:06.417889
179,USN070592100,ASML Holding N.V. Aand.aan toon.(N.Y.Reg.) ,654.0,656.0,0.009300000000000001,650.0,638.0,132.0,2023-06-27 18:59:18.388884
355,CNE100000FN7,Sinopharm Medicine Holding Co. ,2.728,2.781,0.009300000000000001,2.798,2.716,5887.0,2023-06-27 19:00:39.516266
345,AU000000LYC6,Lynas Rare Earths Ltd. ,4.2535,4.3005,0.0091,4.3045,4.28,5133.0,2023-06-27 19:00:34.695893
160,DE000TRAT0N7,TRATON SE ,19.07,19.18,0.009000000000000001,19.13,18.82,7537.0,2023-06-27 18:59:09.102617
43,US0231351067,Amazon.Com Inc. ,117.74,117.78,0.0087,118.14,116.42,63305.0,2023-06-27 18:58:12.547446
177,US0378331005,Apple Inc. ,171.18,171.3,0.008199999999999999,171.4,169.1,51085.0,2023-06-27 18:59:17.438387
197,US20030N1019,Comcast Corp. Cl. A ,37.74,37.79,0.008100000000000001,37.52,36.88,2657.0,2023-06-27 18:59:26.993383
368,KYG3777B1032,Geely Automobile Holdings Ltd. ,1.0966,1.1036,0.008100000000000001,1.1048,1.0872,110742.0,2023-06-27 19:00:45.781036
210,US3119001044,Fastenal Co.   ,53.17,53.22,0.0078000000000000005,53.2,52.45,971.0,2023-06-27 18:59:32.623576
22,DE0006048432,Henkel AG &amp; Co. KGaA VZ ,72.38,72.56,0.0078000000000000005,72.56,71.9,3199.0,2023-06-27 18:58:02.320548
341,US29355A1079,Enphase Energy Inc. ,146.26,146.84,0.0074,147.48,143.88,4118.0,2023-06-27 19:00:32.727713
209,US2855121099,Electronic Arts Inc. ,117.98,118.12,0.0074,117.0,114.86,237.0,2023-06-27 18:59:32.241015
115,DE0007257503,CECONOMY AG ,2.216,2.238,0.0073,2.23,2.194,54990.0,2023-06-27 18:58:47.451718
72,DE000LEG1110,LEG Immobilien SE ,51.02,51.64,0.0070999999999999995,51.88,50.46,2160.0,2023-06-27 18:58:26.769436
242,US5949181045,Microsoft Corp. ,303.65,303.75,0.0070999999999999995,304.4,300.1,21898.0,2023-06-27 18:59:47.216413
63,DE0006602006,GEA Group AG ,38.02,38.21,0.0069,38.18,37.78,732.0,2023-06-27 18:58:22.471889
327,US0494681010,Atlassian Corp. CL A ,146.5,147.0,0.0069,146.5,145.0,273.0,2023-06-27 19:00:26.190623
27,DE000A0D9PT0,MTU Aero Engines AG ,236.2,236.9,0.0068000000000000005,236.9,233.0,744.0,2023-06-27 18:58:04.704130
339,FR0000121014,LVMH Moët Henn. L. Vuitton SA ,841.7,843.3,0.0068000000000000005,848.0,833.3,2688.0,2023-06-27 19:00:31.755527
200,US22160K1051,Costco Wholesale Corp. ,484.05,485.0,0.0066,483.15,477.0,462.0,2023-06-27 18:59:28.287501
4,DE000BASF111,BASF SE ,43.145,43.275,0.0066,43.555,42.74,186705.0,2023-06-27 18:57:53.803350
32,DE0007037129,RWE AG ,39.86,39.91,0.0066,39.94,39.54,49844.0,2023-06-27 18:58:07.162761
8,DE000A1DAHH0,Brenntag SE ,70.72,71.0,0.006500000000000001,70.9,70.32,4072.0,2023-06-27 18:57:55.658932
196,US1924461023,Cognizant Technology Sol. Corp. ,57.55,57.65,0.006500000000000001,57.62,57.0,34.0,2023-06-27 18:59:26.480801
148,DE0007461006,PVA TePla AG ,18.2,18.48,0.006500000000000001,18.63,18.15,11654.0,2023-06-27 18:59:03.518434
132,DE0006070006,HOCHTIEF AG ,78.15,78.9,0.0064,78.9,77.55,2899.0,2023-06-27 18:58:55.653786
5,DE000BAY0017,Bayer AG ,50.34,50.53,0.0064,50.55,50.16,77904.0,2023-06-27 18:57:54.297573
3,DE0008404005,Allianz SE ,210.75,211.15,0.0064,211.4,209.1,57498.0,2023-06-27 18:57:53.317710
312,US0304201033,American Water Works Co. Inc. ,129.2,129.4,0.0062,130.8,126.8,1141.0,2023-06-27 19:00:19.198586
351,FR0000121485,Kering S.A. ,508.1,508.2,0.006,515.0,503.0,529.0,2023-06-27 19:00:37.561697
48,DE0005158703,Bechtle AG ,35.62,35.86,0.0059,35.86,35.48,10518.0,2023-06-27 18:58:15.025093
343,US0937121079,Bloom Energy Corp. ,14.35,14.42,0.0058,14.314,14.112,1240.0,2023-06-27 19:00:33.694932
375,DE000A1TNUT7,Deutsche Beteiligungs AG ,27.75,28.05,0.0054,27.9,27.6,1680.0,2023-06-27 19:00:49.261419
194,US17275R1023,Cisco Systems Inc. ,46.285,46.4,0.0054,46.375,45.57,4914.0,2023-06-27 18:59:25.515759
140,DE0007074007,KWS SAAT SE &amp; Co. KGaA ,56.1,56.5,0.0054,56.5,55.7,375.0,2023-06-27 18:58:59.673903
149,DE000SAFH001,SAF HOLLAND SE ,11.62,11.76,0.0051,11.76,11.46,9359.0,2023-06-27 18:59:03.953787
221,US4592001014,Intl Business Machines Corp. ,120.85,120.95,0.005,121.05,119.35,3609.0,2023-06-27 18:59:37.703265
186,US0970231058,Boeing Co. ,188.9,189.32,0.005,190.06,187.64,2351.0,2023-06-27 18:59:21.590715
122,DE0005550636,Drägerwerk AG &amp; Co. KGaA VZ ,42.65,43.3,0.004699999999999999,43.05,42.8,453.0,2023-06-27 18:58:50.874218
264,US79466L3024,Salesforce Inc. ,190.9,191.0,0.004699999999999999,191.6,189.1,2699.0,2023-06-27 18:59:57.532667
125,DE0005772206,Fielmann AG ,48.26,48.58,0.0046,48.7,47.98,2676.0,2023-06-27 18:58:52.312805
190,US1491231015,Caterpillar Inc. ,218.0,219.0,0.0046,219.0,214.0,1625.0,2023-06-27 18:59:23.508351
162,DE000WACK012,Wacker Neuson SE ,21.55,21.8,0.0046,21.8,21.45,7965.0,2023-06-27 18:59:10.160334
223,US46120E6023,Intuitive Surgical Inc. ,299.0,299.8,0.0045000000000000005,300.0,295.65,844.0,2023-06-27 18:59:38.601513
311,US09247X1019,Blackrock Inc. Class A ,624.2,626.0,0.0045000000000000005,626.4,619.8,566.0,2023-06-27 19:00:18.670309
104,DE0005408116,Aareal Bank AG ,33.5,33.65,0.0045000000000000005,33.7,33.55,3339.0,2023-06-27 18:58:41.976082
271,US8725901040,T-Mobile US Inc. ,124.24,124.38,0.0044,124.34,122.14,3719.0,2023-06-27 19:00:00.745459
151,DE000SHA0159,Schaeffler AG VZ ,5.87,5.905,0.0043,5.9,5.8,46051.0,2023-06-27 18:59:04.852305
323,DE0005313506,Energiekontor AG ,68.8,69.5,0.0043,69.6,68.9,587.0,2023-06-27 19:00:24.510211
364,GB00B10RZP78,Unilever PLC ,47.295,47.435,0.0042,47.535,47.15,11969.0,2023-06-27 19:00:43.885137
349,FR0000052292,Hermes International S.A. ,1919.4,1920.0,0.004,1938.0,1900.0,192.0,2023-06-27 19:00:36.584599
277,US92343V1044,Verizon Communications Inc. ,33.27,33.33,0.0038,33.41,32.905,8637.0,2023-06-27 19:00:03.385054
47,DE0006766504,Aurubis AG ,79.88,80.26,0.0034999999999999996,81.18,78.8,2514.0,2023-06-27 18:58:14.546755
30,DE0006969603,PUMA SE ,53.3,53.64,0.0034000000000000002,53.7,52.74,11084.0,2023-06-27 18:58:06.144949
340,DK0010244508,A.P.Moeller-Mærsk A/S B ,1603.0,1606.0,0.0034000000000000002,1623.0,1601.0,55.0,2023-06-27 19:00:32.227513
165,US00507V1098,Activision Blizzard Inc. ,76.65,76.7,0.0033,76.7,75.6,1883.0,2023-06-27 18:59:11.667099
142,DE000BFB0019,METRO AG ,7.495,7.595,0.0033,7.525,7.46,11026.0,2023-06-27 18:59:00.589807
143,DE000NWRK013,New Work SE ,118.0,121.8,0.0033,122.2,122.0,90.0,2023-06-27 18:59:01.019429
175,US0326541051,Analog Devices Inc. ,172.2,172.6,0.0032,171.4,171.4,58.0,2023-06-27 18:59:16.524808
273,US89417E1091,The Travelers Companies Inc. ,157.55,157.8,0.0032,160.05,158.6,102.0,2023-06-27 19:00:01.590600
237,US58733R1023,Mercadolibre Inc. ,1062.8,1065.6,0.003,1072.0,1055.2,344.0,2023-06-27 18:59:44.975683
139,DE0006335003,KRONES AG ,108.6,109.3,0.0028000000000000004,108.9,108.0,318.0,2023-06-27 18:58:59.171241
321,CA1363751027,Canadian National Railway Co. ,108.8,108.9,0.0028000000000000004,109.3,108.2,254.0,2023-06-27 19:00:23.503150
20,DE0006047004,Heidelberg Materials AG ,73.64,73.92,0.0027,73.9,72.64,8250.0,2023-06-27 18:58:01.304292
83,DE0007493991,Ströer SE &amp; Co. KGaA ,44.14,44.42,0.0027,44.4,43.82,1939.0,2023-06-27 18:58:32.002561
280,US92826C8394,VISA Inc. ,207.9,208.05,0.0024,208.0,206.7,1358.0,2023-06-27 19:00:04.721008
100,AT0000A0E9W5,Kontron AG ,17.99,18.2,0.0022,18.16,17.77,10237.0,2023-06-27 18:58:40.061374
126,DE000FTG1111,flatexDEGIRO AG ,8.952,9.078,0.0022,9.26,8.81,67379.0,2023-06-27 18:58:52.821213
298,AU0000193666,Allkem Ltd. ,9.68,9.75,0.0021,9.84,9.63,27291.0,2023-06-27 19:00:12.669626
193,US1729081059,Cintas Corp. ,447.8,448.4,0.002,447.0,441.5,271.0,2023-06-27 18:59:25.003112
353,US81762P1021,ServiceNow Inc. ,491.7,493.9,0.002,496.4,487.9,451.0,2023-06-27 19:00:38.561896
215,US38141G1040,Goldman Sachs Group Inc. ,287.1,287.7,0.0017000000000000001,288.5,283.6,656.0,2023-06-27 18:59:34.902452
245,US61174X1090,Monster Beverage Corp. ,53.15,53.2,0.0017000000000000001,53.14,52.39,1253.0,2023-06-27 18:59:48.705681
57,DE0006095003,ENCAVIS AG ,14.93,15.075,0.0017000000000000001,15.08,14.805,23097.0,2023-06-27 18:58:19.405920
153,NL0012044747,Redcare Pharmacy N.V. ,87.5,88.3,0.0016,88.9,85.78,8667.0,2023-06-27 18:59:05.836839
387,DK0061539921,Vestas Wind Systems AS ,23.74,23.93,0.0015,24.09,23.7,18058.0,2023-06-27 19:00:55.377671
146,DE0006916604,Pfeiffer Vacuum Technology AG ,146.8,147.6,0.0014000000000000002,147.8,146.4,1192.0,2023-06-27 18:59:02.563189
251,US67103H1077,"""OReilly Automotive Inc."" ",853.8,856.2,0.0012,855.8,848.2,38.0,2023-06-27 18:59:51.451111
176,US03662Q1058,Ansys Inc. ,294.2,295.0,0.0007000000000000001,290.6,290.0,88.0,2023-06-27 18:59:16.994426
82,DE000A2GS401,Software AG ,31.52,31.6,0.0006,31.56,31.48,3729.0,2023-06-27 18:58:31.493544
201,US22788C1053,Crowdstrike Holdings Inc Cl.A ,131.18,131.44,0.0006,130.9,129.56,2246.0,2023-06-27 18:59:28.832766
276,US92345Y1064,Verisk Analytics Inc. Cl.A ,204.5,205.2,0.0005,204.6,204.0,32.0,2023-06-27 19:00:02.990208
318,CA1366351098,Canadian Solar Inc. ,33.23,33.44,0.0003,33.7,33.01,1767.0,2023-06-27 19:00:22.162472
169,US0162551016,Align Technology Inc. ,307.15,308.9,0.0002,303.95,303.95,33.0,2023-06-27 18:59:13.554723
257,US70450Y1038,PayPal Holdings Inc. ,60.87,60.94,0.0002,61.25,60.06,53719.0,2023-06-27 18:59:54.224930
260,US7427181091,Procter &amp; Gamble Co. ,136.2,136.32,0.0001,136.44,135.3,7075.0,2023-06-27 18:59:55.713742
283,US2546871060,Walt Disney Co. ,81.28,81.37,0.0001,81.92,80.75,9686.0,2023-06-27 19:00:05.968905
256,US7043261079,Paychex Inc. ,101.6,101.7,0.0,101.6,101.3,308.0,2023-06-27 18:59:53.771382
0,_handeln.php,0,0.0,0.0,0.0,0.0,0.0,0.0,2023-06-27 18:57:51.957785
244,US6092071058,Mondelez International Inc. Class A  ,67.08,67.2,0.0,67.2,66.6,1822.0,2023-06-27 18:59:48.221878
342,HK0823032773,Link REIT The ,5.109,5.146,0.0,0.0,0.0,0.0,2023-06-27 19:00:33.237640
137,DE000JST4000,JOST Werke SE ,48.1,48.65,0.0,48.45,48.0,533.0,2023-06-27 18:58:58.135777
236,US5801351017,McDonalds Corp. ,265.1,265.2,0.0,266.4,263.1,2200.0,2023-06-27 18:59:44.474608
359,US05722G1004,Baker Hughes Co. Cl. A ,27.925,27.985,0.0,0.0,0.0,0.0,2023-06-27 19:00:41.406137
24,IE00BZ12WP82,0,0.0,0.0,0.0,0.0,0.0,0.0,2023-06-27 18:58:03.242978
265,US81181C1045,Seagen Inc. ,179.9,180.4,0.0,0.0,0.0,0.0,2023-06-27 18:59:57.985651
263,US7782961038,Ross Stores Inc. ,98.57,98.69,0.0,0.0,0.0,0.0,2023-06-27 18:59:57.108190
158,DE000A2TSL71,SYNLAB AG ,8.905,9.105,0.0,9.195,8.805,4398.0,2023-06-27 18:59:08.122574
333,US0846701086,Berkshire Hathaway Inc. Cl A ,463500.0,465500.0,0.0,0.0,0.0,0.0,2023-06-27 19:00:28.979938
326,US90184L1026,0,0.0,0.0,0.0,0.0,0.0,0.0,2023-06-27 19:00:25.748091
65,LU0775917882,Grand City Properties S.A. ,7.105,7.18,0.0,7.15,7.05,15358.0,2023-06-27 18:58:23.542878
288,ch.php?isin=,0,0.0,0.0,0.0,0.0,0.0,0.0,2023-06-27 19:00:08.236126
314,US6833731044,Ontrak Inc. ,0.447,0.4864,0.0,0.0,0.0,0.0,2023-06-27 19:00:20.177171
291,DE000TUAG000,0,0.0,0.0,0.0,0.0,0.0,0.0,2023-06-27 19:00:09.475808
308,DE000STAB1L8,Stabilus SE ,54.6,55.55,0.0,0.0,0.0,0.0,2023-06-27 19:00:17.247825
295,US0758961009,0,0.0,0.0,0.0,0.0,0.0,0.0,2023-06-27 19:00:11.295804
91,DE000A3H3LL2,0,0.0,0.0,0.0,0.0,0.0,0.0,2023-06-27 18:58:35.767662
154,LU1066226637,0,0.0,0.0,0.0,0.0,0.0,0.0,2023-06-27 18:59:06.257015
246,US64110W1027,0,0.0,0.0,0.0,0.0,0.0,0.0,2023-06-27 18:59:49.021940
198,US21037T1097,Constellation Energy Corp. ,82.38,82.59,0.0,0.0,0.0,0.0,2023-06-27 18:59:27.414259
381,DE0007667107,Vossloh AG ,40.4,40.7,0.0,40.6,40.4,2029.0,2023-06-27 19:00:52.493663
360,US22160N1090,CoStar Group Inc. ,81.5,82.0,0.0,81.0,80.5,53.0,2023-06-27 19:00:41.923048
202,US1264081035,CSX Corp. ,30.6,30.65,0.0,0.0,0.0,0.0,2023-06-27 18:59:29.284477
213,US35137L1052,Fox Corp. Shares A ,31.0,31.2,0.0,0.0,0.0,0.0,2023-06-27 18:59:34.023447
181,GB00BZ09BD16,0,0.0,0.0,0.0,0.0,0.0,0.0,2023-06-27 18:59:19.199215
376,US89689F3055,0,0.0,0.0,0.0,0.0,0.0,0.0,2023-06-27 19:00:49.697883
208,US2786421030,Ebay Inc. ,40.305,40.33,-0.0003,40.015,39.72,2671.0,2023-06-27 18:59:31.826171
241,US5951121038,Micron Technology Inc. ,60.02,60.1,-0.0003,60.32,58.28,2414.0,2023-06-27 18:59:46.778563
25,DE0007100000,Mercedes-Benz Group AG ,71.8,71.92,-0.0006,72.48,71.29,99884.0,2023-06-27 18:58:03.745000
254,US6937181088,Paccar Inc. ,72.72,72.8,-0.0006,72.84,72.35,629.0,2023-06-27 18:59:52.843984
232,US5500211090,Lululemon Athletica Inc. ,343.0,344.25,-0.0007000000000000001,342.5,341.15,44.0,2023-06-27 18:59:42.672059
133,DE0006083405,Hornbach Holding AG&amp;Co.KGaA ,70.0,70.55,-0.0007000000000000001,70.5,69.25,1456.0,2023-06-27 18:58:56.169199
58,DE000EVNK013,Evonik Industries AG ,16.81,16.955,-0.0009,17.1,16.695,30330.0,2023-06-27 18:58:19.911547
101,DE000A0DJ6J9,SMA Solar Technology AG ,102.4,103.1,-0.001,104.2,102.2,33643.0,2023-06-27 18:58:40.534451
357,DE0005103006,ADVA Optical Networking SE ,19.5,19.7,-0.001,19.58,19.52,474.0,2023-06-27 19:00:40.506010
138,DE000KC01000,Klöckner &amp; Co SE ,9.13,9.245,-0.0011,9.22,9.12,5505.0,2023-06-27 18:58:58.660985
252,US6792951054,Okta Inc. Cl.A  ,63.92,64.0,-0.0011,64.13,62.91,292.0,2023-06-27 18:59:51.892000
49,LU1704650164,BEFESA S.A. ,32.72,33.18,-0.0012,33.44,32.72,3943.0,2023-06-27 18:58:15.549396
383,DE0005493092,Borussia Dortmund GmbH&amp;Co.KGaA ,4.265,4.315,-0.0012,4.34,4.265,40088.0,2023-06-27 19:00:53.416999
84,DE0008303504,TAG Immobilien AG ,7.966,8.084,-0.0013,8.04,7.886,28588.0,2023-06-27 18:58:32.507611
123,DE000DWS1007,DWS Group GmbH &amp; Co. KGaA ,27.12,27.3,-0.0015,27.4,27.02,13892.0,2023-06-27 18:58:51.329123
222,US4612021034,Intuit Inc.    ,416.3,417.25,-0.0018,419.0,414.25,544.0,2023-06-27 18:59:38.176449
386,US6821891057,ON Semiconductor Corp. ,82.41,82.75,-0.0018,81.98,80.57,214.0,2023-06-27 19:00:54.865900
16,DE000ENAG999,E.ON SE ,11.36,11.4,-0.0018,11.44,11.33,168307.0,2023-06-27 18:57:59.503582
296,US0846707026,Berkshire Hathaway Inc. ,305.6,306.0,-0.002,307.6,304.4,7533.0,2023-06-27 19:00:11.729410
275,US92343E1029,Verisign Inc. ,202.1,202.2,-0.002,200.8,200.8,30.0,2023-06-27 19:00:02.496409
7,DE0005200000,Beiersdorf AG ,119.05,119.5,-0.0021,120.1,118.75,1412.0,2023-06-27 18:57:55.213268
172,US0255371017,American Electric Power Co.Inc ,76.42,76.49,-0.0021,76.8,76.68,108.0,2023-06-27 18:59:15.064401
269,US8552441094,Starbucks Corp.  ,89.9,90.0,-0.0022,90.4,89.2,2009.0,2023-06-27 18:59:59.897013
62,DE000A3E5D64,FUCHS PETROLUB SE VZ ,34.5,34.68,-0.0023,34.5,34.18,10089.0,2023-06-27 18:58:21.974881
157,DE0007297004,Südzucker AG ,16.4,16.49,-0.0024,16.56,16.25,10963.0,2023-06-27 18:59:07.652620
258,US7134481081,PepsiCo Inc. ,168.88,169.22,-0.0024,169.98,168.02,3117.0,2023-06-27 18:59:54.739784
229,US5007541064,Kraft Heinz Co. ,32.5,32.55,-0.0025,32.66,32.29,8434.0,2023-06-27 18:59:41.361513
300,CNE100000296,BYD Co. Ltd. ,29.455,29.595,-0.0025,29.595,28.695,375025.0,2023-06-27 19:00:13.602498
117,DE000A2GS5D8,Dermapharm Holding SE ,43.96,44.44,-0.0027,44.0,43.2,6333.0,2023-06-27 18:58:48.444011
247,US64110L1061,Netflix.com Inc. ,381.05,382.1,-0.0028000000000000004,383.0,376.2,2420.0,2023-06-27 18:59:49.532104
129,DE000A3H2333,HAMBORNER REIT AG ,6.32,6.39,-0.0031,6.53,6.21,104140.0,2023-06-27 18:58:54.223558
217,US4385161066,Honeywell International Inc. ,185.56,185.78,-0.0031,186.56,184.82,390.0,2023-06-27 18:59:35.789373
173,US0258161092,American Express Co. ,153.0,153.25,-0.0033,153.35,150.9,2065.0,2023-06-27 18:59:15.530828
56,DE0005565204,Dürr AG ,29.5,29.68,-0.0034000000000000002,29.92,29.4,4944.0,2023-06-27 18:58:18.951573
319,US1101221083,Bristol-Myers Squibb Co. ,59.1,59.2,-0.0034000000000000002,59.9,58.6,1424.0,2023-06-27 19:00:22.587783
59,DE0005664809,Evotec SE ,20.08,20.19,-0.0034999999999999996,20.37,19.93,32897.0,2023-06-27 18:58:20.411967
362,KYG393871085,Globalfoundries Inc. ,56.3,56.45,-0.0036,54.65,54.65,2.0,2023-06-27 19:00:42.950040
10,DE0006062144,Covestro AG ,49.31,49.4,-0.0038,50.08,49.31,111320.0,2023-06-27 18:57:56.596731
356,DE0006636681,va-Q-tec AG ,26.05,26.25,-0.0038,26.05,26.0,1503.0,2023-06-27 19:00:40.039461
13,DE0005810055,Deutsche Börse AG ,166.75,167.5,-0.0039000000000000003,169.0,166.4,1981.0,2023-06-27 18:57:58.052450
238,US58933Y1055,Merck &amp; Co. Inc. ,103.2,103.4,-0.0039000000000000003,103.8,102.2,2067.0,2023-06-27 18:59:45.474651
250,NL0009538784,NXP Semiconductors NV ,179.5,179.9,-0.004,175.6,172.9,461.0,2023-06-27 18:59:50.976275
144,DE000A1H8BV3,NORMA Group SE ,16.92,17.11,-0.0040999999999999995,17.19,16.82,2549.0,2023-06-27 18:59:01.539055
203,US23804L1035,Datadog Inc. Class A ,86.17,86.37,-0.0042,86.0,85.21,111.0,2023-06-27 18:59:29.727520
199,US2172041061,Copart Inc. ,81.12,81.37,-0.0043,82.52,81.3,507.0,2023-06-27 18:59:27.837260
183,US0530151036,Automatic Data Processing Inc. ,196.06,196.6,-0.0044,198.04,196.38,146.0,2023-06-27 18:59:20.206549
23,DE0006231004,Infineon Technologies AG ,35.535,35.68,-0.0045000000000000005,36.0,35.0,150717.0,2023-06-27 18:58:02.787119
227,US49271V1008,Keurig Dr Pepper Inc. ,28.485,28.515,-0.0046,28.55,28.41,108.0,2023-06-27 18:59:40.463310
66,DE000A1PHFF7,HUGO BOSS AG ,69.02,69.24,-0.0046,69.98,68.74,6391.0,2023-06-27 18:58:24.024604
309,GB00B24CGK77,Reckitt Benckiser Group ,70.56,70.74,-0.0048,70.92,70.4,743.0,2023-06-27 19:00:17.713842
206,US2567461080,Dollar Tree Inc. ,132.9,133.2,-0.0053,130.8,130.8,17.0,2023-06-27 18:59:30.967269
313,US0126531013,Albemarle Corp. ,205.7,206.5,-0.0053,207.15,203.0,569.0,2023-06-27 19:00:19.672642
226,US46625H1005,JPMorgan Chase &amp; Co. ,127.0,127.3,-0.0055000000000000005,128.4,126.5,5638.0,2023-06-27 18:59:39.939071
102,LU2333210958,SUSE S.A. ,12.44,12.58,-0.0055000000000000005,12.62,12.43,6200.0,2023-06-27 18:58:40.978691
36,DE000SHL1006,Siemens Healthineers AG ,50.06,50.36,-0.005600000000000001,50.68,49.94,12749.0,2023-06-27 18:58:09.174118
170,US02079K3059,Alphabet Inc. Class A  ,107.74,107.82,-0.0059,108.04,105.9,69451.0,2023-06-27 18:59:14.084266
225,US4781601046,Johnson&amp;Johnson ,149.3,149.4,-0.006,150.3,148.2,4897.0,2023-06-27 18:59:39.456106
322,DE000A0LAUP1,CropEnergies AG ,9.82,9.94,-0.0060999999999999995,9.98,9.82,6020.0,2023-06-27 19:00:24.000734
282,US9311421039,Walmart Inc. ,141.2,141.34,-0.0062,142.48,140.56,1660.0,2023-06-27 19:00:05.570842
171,US02079K1079,Alphabet Inc. Class C ,108.52,108.58,-0.0062,109.24,106.54,20822.0,2023-06-27 18:59:14.628449
37,DE000SYM9999,Symrise AG ,93.2,93.68,-0.0062,94.26,92.9,4125.0,2023-06-27 18:58:09.713522
185,US09062X1037,Biogen Inc. ,256.0,256.8,-0.0062,258.4,256.4,27.0,2023-06-27 18:59:21.112070
262,US75886F1075,Regeneron Pharmaceuticals Inc. ,708.0,709.0,-0.0063,715.0,715.0,10.0,2023-06-27 18:59:56.644982
33,DE0007164600,SAP SE ,120.72,121.2,-0.0064,121.82,120.56,41937.0,2023-06-27 18:58:07.695319
279,US92556V1061,Viatris Inc. ,8.998,9.042,-0.0064,9.102,8.83,1562.0,2023-06-27 19:00:04.243214
285,US98389B1008,Xcel Energy Inc. ,57.04,57.21,-0.0066,57.61,56.3,349.0,2023-06-27 19:00:06.940476
302,US6745991058,Occidental Petroleum Corp. ,52.2,52.3,-0.0067,52.8,51.85,3038.0,2023-06-27 19:00:14.533871
192,US1667641005,Chevron Corp. ,139.86,140.0,-0.0067,141.48,139.32,2237.0,2023-06-27 18:59:24.512748
195,US1912161007,Coca-Cola Co. The ,55.71,55.76,-0.0068000000000000005,56.29,55.6,23943.0,2023-06-27 18:59:25.968433
338,US6668071029,Northrop Grumman Corp. ,407.7,408.8,-0.0068000000000000005,410.7,408.0,84.0,2023-06-27 19:00:31.305594
274,US91324P1021,UnitedHealth Group Inc. ,436.5,437.0,-0.0068000000000000005,440.0,434.5,1080.0,2023-06-27 19:00:02.010328
76,DE0007030009,Rheinmetall AG ,242.8,243.4,-0.0069,248.4,240.1,34836.0,2023-06-27 18:58:28.624356
50,DE0005419105,CANCOM SE ,27.12,27.38,-0.0073,27.38,26.94,9744.0,2023-06-27 18:58:16.087535
325,DE000PAG9113,Dr. Ing. h.c. F. Porsche AG Inhaber-Vorzugsaktien ,107.7,107.85,-0.0074,109.45,107.15,14615.0,2023-06-27 19:00:25.354729
55,DE000A0HN5C6,Deutsche Wohnen SE ,20.28,20.48,-0.0078000000000000005,20.8,20.34,3616.0,2023-06-27 18:58:18.479213
131,DE000A13SX22,HELLA GmbH &amp; Co. KGaA ,70.3,70.6,-0.0085,71.0,69.9,452.0,2023-06-27 18:58:55.159062
350,GB0002875804,British American Tobacco PLC ,30.4,30.475,-0.0096,30.885,30.185,34800.0,2023-06-27 19:00:37.042440
205,US2561631068,DocuSign Inc. ,46.045,46.16,-0.0097,46.845,44.98,1098.0,2023-06-27 18:59:30.580108
71,DE0005470405,LANXESS AG ,27.43,27.67,-0.0097,28.43,27.35,109906.0,2023-06-27 18:58:26.307704
6,DE0005190003,Bayerische Motoren Werke AG ,107.74,108.12,-0.009899999999999999,109.8,107.58,22276.0,2023-06-27 18:57:54.745528
306,DE0006450000,LPKF Laser &amp; Electronics SE ,8.24,8.435,-0.0102,8.435,8.23,11045.0,2023-06-27 19:00:16.270116
377,DE0008051004,Wüstenrot&amp; Württembergische AG ,15.48,15.52,-0.0103,15.74,15.42,2616.0,2023-06-27 19:00:50.228442
361,US25278X1090,Diamondback Energy Inc. ,115.86,116.06,-0.0106,115.42,115.42,50.0,2023-06-27 19:00:42.479026
303,GB00BP6MXD84,Shell PLC ,27.23,27.325,-0.010700000000000001,27.8,27.205,99965.0,2023-06-27 19:00:14.918034
346,US30231G1022,Exxon Mobil Corp. ,94.62,94.68,-0.010700000000000001,96.5,94.3,3947.0,2023-06-27 19:00:35.194264
128,DE000A161N30,GRENKE AG ,25.9,26.15,-0.0115,26.25,25.6,5048.0,2023-06-27 18:58:53.736509
214,US3755581036,Gilead Sciences Inc. ,69.5,69.56,-0.011699999999999999,70.18,68.9,3888.0,2023-06-27 18:59:34.471977
218,US45168D1046,IDEXX Laboratories Inc. ,436.9,438.2,-0.0118,443.2,436.4,56.0,2023-06-27 18:59:36.224103
348,CA8536061010,Standard Lithium Ltd. ,3.892,3.92,-0.0121,3.96,3.872,34927.0,2023-06-27 19:00:36.097552
89,DE000UNSE018,Uniper SE ,5.056,5.082,-0.0125,5.166,5.052,95067.0,2023-06-27 18:58:34.836705
174,US0311621009,Amgen Inc. ,202.8,203.4,-0.0126,210.6,201.6,1615.0,2023-06-27 18:59:15.969622
207,US2605571031,Dow Inc. ,47.82,47.96,-0.0126,47.9,47.04,694.0,2023-06-27 18:59:31.395036
367,CA0084741085,Agnico Eagle Mines Ltd. ,44.36,44.53,-0.0126,45.26,44.19,2716.0,2023-06-27 19:00:45.345321
29,DE000PAH0038,Porsche Automobil Holding SE ,53.64,53.86,-0.0128,54.88,53.34,142808.0,2023-06-27 18:58:05.658228
369,CA65340P1062,NexGen Energy Ltd. ,4.065,4.105,-0.0131,4.295,4.14,1300.0,2023-06-27 19:00:46.232652
372,US7170811035,Pfizer Inc. ,33.4,33.45,-0.013300000000000001,33.9,33.2,52817.0,2023-06-27 19:00:47.761774
379,DE0005408884,LEONI AG ,0.2505,0.2605,-0.0137,0.2675,0.25,89657.0,2023-06-27 19:00:51.383986
278,US92532F1003,Vertex Pharmaceuticals Inc. ,315.15,315.45,-0.013999999999999999,318.0,313.2,275.0,2023-06-27 19:00:03.839019
385,US36266G1076,GE Healthcare Technologies Inc ,70.0,70.5,-0.013999999999999999,71.5,69.5,570.0,2023-06-27 19:00:54.326311
352,FR0000120271,TotalEnergies SE ,51.93,52.0,-0.013999999999999999,53.2,51.6,23281.0,2023-06-27 19:00:38.035508
97,DE000A2NB601,JENOPTIK AG ,30.48,30.78,-0.014199999999999999,31.18,30.48,5461.0,2023-06-27 18:58:38.757860
243,US60770K1079,Moderna Inc. ,109.14,109.36,-0.0147,111.12,108.46,1120.0,2023-06-27 18:59:47.701927
106,DE000A0Z23Q5,adesso SE ,118.2,120.2,-0.0148,120.2,118.2,699.0,2023-06-27 18:58:42.977441
164,US88579Y1010,3M Co. ,90.59,90.69,-0.0151,92.39,90.55,8358.0,2023-06-27 18:59:11.142363
180,US0463531089,Astrazeneca PLC ADR ,65.0,65.5,-0.0152,65.5,64.5,139.0,2023-06-27 18:59:18.845069
328,GB0009895292,Astrazeneca PLC ,130.2,130.8,-0.0152,132.25,129.8,1811.0,2023-06-27 19:00:26.644850
31,NL0012169213,Qiagen N.V. ,40.49,40.83,-0.015700000000000002,41.38,40.49,929.0,2023-06-27 18:58:06.653289
44,US09075V1026,BioNTech SE (ADRs) ,96.52,96.78,-0.015700000000000002,98.22,96.24,16940.0,2023-06-27 18:58:13.015026
103,DE000A0JL9W6,VERBIO Vereinigt.BioEnergie AG ,36.83,37.07,-0.0158,37.61,35.65,21141.0,2023-06-27 18:58:41.467960
45,DE000A0WMPJ6,AIXTRON SE ,28.24,28.39,-0.0159,28.98,27.78,44890.0,2023-06-27 18:58:13.539727
109,DE0005093108,AMADEUS FIRE AG ,110.8,111.6,-0.016,113.4,111.0,169.0,2023-06-27 18:58:44.461712
93,DE000WCH8881,Wacker Chemie AG ,120.55,121.4,-0.016200000000000003,124.5,119.65,6203.0,2023-06-27 18:58:36.760226
124,DE0005659700,Eckert &amp; Ziegler Str.-u.Med.AG ,35.52,35.9,-0.017,36.74,35.52,16241.0,2023-06-27 18:58:51.822115
38,DE0007664039,Volkswagen AG VZ ,120.46,120.68,-0.017,123.26,119.12,168575.0,2023-06-27 18:58:10.185594
315,US00287Y1091,AbbVie Inc. ,121.5,121.7,-0.017,124.3,121.1,5101.0,2023-06-27 19:00:20.709844
112,DE0005102008,Basler AG ,16.94,17.42,-0.0174,17.18,16.92,3395.0,2023-06-27 18:58:45.964369
370,US0028241000,Abbott Laboratories ,97.84,98.13,-0.0174,99.64,97.78,683.0,2023-06-27 19:00:46.758655
365,DE0007568578,SFC Energy AG ,22.05,22.25,-0.0177,22.7,21.85,10450.0,2023-06-27 19:00:44.333826
130,DE0007314007,Heidelberger Druckmaschinen AG ,1.422,1.46,-0.018000000000000002,1.46,1.411,63525.0,2023-06-27 18:58:54.678863
80,DE000WAF3001,Siltronic AG ,67.75,68.1,-0.0181,69.05,67.45,4927.0,2023-06-27 18:58:30.518190
163,DE000ZEAL241,Zeal Network SE ,34.1,34.45,-0.018500000000000003,35.0,34.2,2457.0,2023-06-27 18:59:10.633280
310,NO0010081235,NEL ASA ,1.011,1.0125,-0.0189,1.034,1.0005,3603060.0,2023-06-27 19:00:18.206946
293,GB0007980591,BP PLC ,5.268,5.281,-0.019,5.41,5.257,181014.0,2023-06-27 19:00:10.480363
1,DE000A1EWWW0,adidas AG ,173.44,174.2,-0.0191,178.04,172.74,8378.0,2023-06-27 18:57:52.432836
292,AU0000224040,Woodside Energy Group Ltd. ,20.55,20.7,-0.0191,20.95,20.55,4530.0,2023-06-27 19:00:09.941972
110,DE0005104400,Atoss Software AG ,205.0,208.0,-0.0192,210.0,204.5,995.0,2023-06-27 18:58:44.952423
378,DE000TUAG505,TUI AG ,6.234,6.254,-0.020099999999999996,6.41,6.07,630214.0,2023-06-27 19:00:50.683319
334,DK0060534915,Novo-Nordisk AS ,141.46,141.94,-0.0204,144.8,140.16,34852.0,2023-06-27 19:00:29.449127
118,DE0007480204,Deutsche EuroShop AG ,20.75,21.05,-0.0212,21.05,20.75,1714.0,2023-06-27 18:58:48.885160
73,DE0006452907,Nemetschek SE ,66.4,66.78,-0.0218,67.86,66.2,4573.0,2023-06-27 18:58:27.239870
99,DE000A3H2200,Nagarro SE ,77.05,77.8,-0.0222,79.65,76.65,4961.0,2023-06-27 18:58:39.549832
152,DE0007276503,secunet Security Networks AG ,211.0,213.5,-0.0229,220.0,211.0,808.0,2023-06-27 18:59:05.350583
150,DE0006202005,Salzgitter AG ,33.7,33.88,-0.0232,35.22,32.74,7766.0,2023-06-27 18:59:04.380396
81,DE0007231326,Sixt SE ,106.3,106.7,-0.0248,109.4,105.6,8229.0,2023-06-27 18:58:30.997121
204,US2521311074,DexCom Inc. ,111.38,111.62,-0.026099999999999998,113.92,111.3,218.0,2023-06-27 18:59:30.142108
68,DE000KSAG888,K+S Aktiengesellschaft ,15.5,15.64,-0.0273,16.16,15.4,79074.0,2023-06-27 18:58:25.016079
329,AU000000AGL7,AGL Energy Ltd. ,6.474,6.544,-0.0273,6.474,6.436,3332.0,2023-06-27 19:00:27.116371
18,DE0005785604,Fresenius SE &amp; Co. KGaA ,24.11,24.35,-0.0274,24.89,24.03,89778.0,2023-06-27 18:58:00.386385
382,DE0005167902,3U Holding AG ,2.34,2.37,-0.0288,2.44,2.34,28500.0,2023-06-27 19:00:52.929512
127,DE0005800601,GFT Technologies SE ,25.62,25.84,-0.0302,26.54,25.42,34994.0,2023-06-27 18:58:53.264158
380,DE000A1K0235,SÜSS MicroTec SE ,25.95,26.25,-0.031400000000000004,27.45,25.85,20218.0,2023-06-27 19:00:51.930031
358,DE0005677108,Elmos Semiconductor SE ,65.0,65.5,-0.0327,67.5,64.2,8467.0,2023-06-27 19:00:40.903817
95,DE000A288904,CompuGroup Medical SE &amp;Co.KGaA ,44.38,44.66,-0.0331,45.98,44.36,3291.0,2023-06-27 18:58:37.738864
34,DE0007165631,Sartorius AG VZ ,291.8,293.2,-0.0333,306.8,291.1,14148.0,2023-06-27 18:58:08.204468
316,US8835561023,Thermo Fisher Scientific Inc. ,461.4,462.4,-0.0353,480.0,459.5,767.0,2023-06-27 19:00:21.198356
26,DE0006599905,Merck KGaA ,147.5,148.0,-0.0363,153.75,147.05,25807.0,2023-06-27 18:58:04.168388
141,DE000A1MMCC8,Medios AG ,15.18,15.48,-0.0392,15.96,15.18,10107.0,2023-06-27 18:59:00.185900
17,DE0005785802,Fresenius Medical Care KGaA ,41.95,42.17,-0.0437,43.44,41.32,42420.0,2023-06-27 18:57:59.967391
98,DE0006632003,MorphoSys AG ,25.86,26.04,-0.0453,27.14,25.68,44191.0,2023-06-27 18:58:39.230724
107,LU1250154413,ADLER Group S.A. ,0.412,0.4448,-0.0513,0.4502,0.4112,74818.0,2023-06-27 18:58:43.467476
51,DE0005313704,Carl Zeiss Meditec AG ,96.52,97.28,-0.051399999999999994,103.2,96.12,33583.0,2023-06-27 18:58:16.530218
219,US4523271090,Illumina Inc. ,168.1,168.62,-0.0526,177.5,166.22,847.0,2023-06-27 18:59:36.727464
64,DE000A0LD6E6,Gerresheimer AG ,99.85,100.1,-0.053,105.5,99.4,13784.0,2023-06-27 18:58:23.033061
281,US9314271084,Walgreens Boots Alliance Inc. ,26.07,26.22,-0.0946,29.52,25.705,63191.0,2023-06-27 19:00:05.190452
371,NL0015436031,CureVac N.V. ,9.31,9.38,-0.1109,10.84,9.05,168167.0,2023-06-27 19:00:47.243967
